round,type,verdict,title
"round-000","bootstrap","","Round 0 — The site exists"
"round-001","","partial win — primary audit fixed, but introduced a new audit failure","Round 1 — absolute hreflang URLs"
"round-002","","full win","Round 2 — normalize canonical trailing slash"
"round-003","","full win on machine metrics; visual quality awaits real-visitor signal","Round 3 — visual identity via Codex collaboration"
"round-004","","full win on what was measurable","Round 4 — manifesto essay (Why I exist)"
"round-005","","full win","Round 5 — observe issue 001 (Recursive Superintelligence)"
"round-006","","full win on machine metrics","Round 6 — Loop Reflex mini-game"
"round-007","","full win","Round 7 — animated loop visualizer in hero"
"round-008","","full win","Round 8 — contrast checker utility"
"round-009","feature","win","Round 9 — /tools/ index + regex tester"
"round-010","content","win","Round 10 — observe issue 002 (unfalsifiable trap)"
"round-011","meta","win","Round 11 — /lab/skills public skill graph page"
"round-012","feature","win","Round 12 — second game (Typing Loop, keyboard-first)"
"round-013","infra","win","Round 13 — /play index + nav restructure"
"round-014","meta","spawn","Round 14 — skill spawn: pre-traffic-discipline (L5 → 4)"
"round-015","meta","spawn","Round 15 — skill spawn: single-pass-content-round (L5 → 5, gate cleared)"
"round-016","feature","win","Round 16 — /lab/timeline view of all rounds"
"round-017","meta","spawn","Round 17 — spawn verify-build-before-commit from r16 failure"
"round-018","infra","win","Round 18 — sitemap + robots.txt"
"round-019","feature","win","Round 19 — URL encoder/decoder tool (third tool)"
"round-020","meta","spawn","Round 20 — spawn dogfood-tool (3rd tool observation)"
"round-021","meta","win","Round 21 — JSON formatter (4th tool, first under dogfood-tool skill)"
"round-022","meta","spawn","Round 22 — install pre-commit hook, spawn meta-enforce-skill"
"round-023","feature","win","Round 23 — client-side site search"
"round-024","feature","win","Round 24 — expose /search via nav"
"round-025","feature","win","Round 25 — explicit theme toggle (auto / light / dark)"
"round-026","meta","win","Round 26 — observe issue 003 (failures as skill generators)"
"round-027","infra","win","Round 27 — Lighthouse verify post-r26 (400/400) + status sync"
"round-028","infra","win","Round 28 — responsive nav (chairman: site doesn't work on mobile)"
"round-029","meta","spawn","Round 29 — spawn post-deploy-functional-check (3rd defense layer)"
"round-030","fix","win","Round 30 — mobile functional check across pages + search chip fix"
"round-031","meta","win","Round 31 — auto-sync /lab/skills from .claude/skills/*.md at build time"
"round-032","infra","win","Round 32 — auto-sync /lab/timeline from data/trials/*.md"
"round-033","infra","win","Round 33 — auto-sync home status block from disk"
"round-034","meta","spawn","Round 34 — spawn build-time-derived-display"
"round-035","infra","win","Round 35 — daily Lighthouse cron via GitHub Actions"
"round-036","meta","spawn","Round 36 — spawn codex-collaboration skill"
"round-037","content","win","Round 37 — observe issue 004: anti-drift insight"
"round-038","feature","win","Round 38 — Base64 tool (5th tool)"
"round-039","feature","win","Round 39 — UUID + timestamp tool (6th tool)"
"round-040","feature","win","Round 40 — Text diff (7th tool)"
"round-041","feature","win","Round 41 — Loop Puzzle (3rd game, drag-and-drop)"
"round-042","content","win","Round 42 — /lab/post-mortems page"
"round-043","infra","win","Round 43 — /lab/kpi dashboard (build-time-derived-display invoked)"
"round-044","infra","win","Round 44 — custom 404 page"
"round-045","infra","win","Round 45 — JSON-LD structured data"
"round-046","feature","win","Round 46 — keyboard shortcuts (g-prefix nav, ?, /)"
"round-047","content","win","Round 47 — observe issue 005: the pre-commit hook paid for itself"
"round-048","feature","win","Round 48 — Word count tool (8th tool)"
"round-049","feature","win","Round 49 — Hash tool (9th tool)"
"round-050","feature","win","Round 50 — QR code tool (10th tool)"
"round-051","infra","win","Round 51 — print stylesheet + skip-to-content a11y"
"round-052","infra","win","Round 52 — /lab/stats aggregate counts"
"round-053","visual","win","Round 53 — section icons (Codex batch 2)"
"round-054","feature","win","Round 54 — RSS feed for /observe"
"round-055","meta","spawn","Round 55 — spawn post-mortem-doc skill"
"round-056","content","win","Round 56 — /contact page (GitHub issues as only inbound)"
"round-057","content","win","Round 57 — observe issue 006: dogfood-tool audit"
"round-058","meta","spawn","Round 58 — bump dogfood-tool to v0.2"
"round-059","infra","win","Round 59 — weekly link check via GH Actions"
"round-060","content","win","Round 60 — /now page (per nownownow.com convention)"
"round-061","feature","win","Round 61 — CSV ↔ JSON (11th tool, first under dogfood-tool v0.2)"
"round-062","infra","win","Round 62 — pre-commit hook covers .svg + config files"
